Message,Disaster,Urgency,Assistance
"Water is rising rapidly near the main road.",Flood,High,"Rescue team"
"Floodwater has entered several houses in the area.",Flood,Critical,"Evacuation team"
"Heavy rain has flooded the street outside our building.",Flood,Medium,"Pumping equipment"
"The road to the village is completely underwater.",Flood,High,"Rescue team"
"People are stranded on the second floor because of flooding.",Flood,Critical,"Boat rescue"
"Water has entered the basement parking area.",Flood,Medium,"Water pumping team"
"The local drain has overflowed onto the road.",Flood,Low,"Municipal cleanup"
"Vehicles are stuck in deep floodwater near the bridge.",Flood,High,"Rescue team"
"Children are stranded inside a flooded school.",Flood,Critical,"Emergency evacuation"
"Floodwater is reaching the windows of our house.",Flood,Critical,"Evacuation team"
"The railway tracks are covered with water.",Flood,High,"Railway emergency team"
"Several shops have been flooded after continuous rain.",Flood,Medium,"Relief supplies"
"The river has crossed its danger level.",Flood,Critical,"Evacuation team"
"Water is flowing across the highway.",Flood,High,"Traffic control team"
"Our neighborhood has been cut off by floodwater.",Flood,High,"Rescue team"
"The street drains cannot handle the rainfall.",Flood,Medium,"Municipal drainage team"
"Floodwater is carrying debris through the residential area.",Flood,High,"Rescue team"
"An elderly couple is trapped inside their flooded home.",Flood,Critical,"Emergency rescue"
"The underpass is completely filled with water.",Flood,High,"Road closure team"
"Water is entering the ground-floor apartments.",Flood,High,"Evacuation team"
"Several cars are submerged near the market.",Flood,High,"Traffic rescue team"
"The village bridge is surrounded by floodwater.",Flood,High,"Bridge inspection team"
"Rainwater has flooded the hospital entrance.",Flood,High,"Emergency access team"
"The school playground has turned into a large pool.",Flood,Low,"Municipal drainage team"
"Floodwater is rising around the electricity transformer.",Flood,Critical,"Electricity emergency team"
"The basement has filled with dirty rainwater.",Flood,Medium,"Pumping equipment"
"People cannot cross the flooded railway crossing.",Flood,High,"Traffic control team"
"Water is entering our house through the front door.",Flood,High,"Evacuation team"
"The riverbank has overflowed into nearby farmland.",Flood,Medium,"Agricultural relief team"
"Floodwater has blocked the main entrance to the colony.",Flood,High,"Rescue team"
"Several residents are trapped on rooftops.",Flood,Critical,"Boat rescue"
"The parking lot is completely submerged.",Flood,Medium,"Water pumping team"
"The main market road is under nearly a meter of water.",Flood,High,"Road closure team"
"Flooding has damaged electrical equipment in our building.",Flood,Critical,"Electricity emergency team"
"The drainage channel has overflowed after the storm.",Flood,Medium,"Municipal cleanup"
"Water is moving very quickly through the lane.",Flood,Critical,"Emergency rescue"
"Floodwater has surrounded our apartment complex.",Flood,High,"Evacuation team"
"The bus depot has been flooded.",Flood,High,"Transport emergency team"
"People are unable to leave their homes because of water.",Flood,Critical,"Evacuation team"
"The footbridge is submerged under floodwater.",Flood,High,"Bridge inspection team"
"Water has entered the local clinic.",Flood,High,"Medical evacuation"
"Rain has caused severe flooding near the highway.",Flood,High,"Rescue team"
"Several livestock are trapped by rising water.",Flood,High,"Animal rescue team"
"The village road has disappeared under muddy water.",Flood,High,"Road clearance team"
"Floodwater has entered the school classrooms.",Flood,Critical,"School evacuation"
"The water level is rising every few minutes.",Flood,Critical,"Emergency rescue"
"The river is overflowing near the residential area.",Flood,Critical,"Evacuation team"
"Our street is flooded and there is no electricity.",Flood,High,"Emergency utility team"
"Water has entered the lift shaft of our building.",Flood,High,"Building safety team"
"The low-lying neighborhood is completely flooded.",Flood,Critical,"Mass evacuation"
"Rainwater has backed up through the bathroom drains.",Flood,Medium,"Plumbing and drainage team"
"Floodwater has blocked access to the fire station.",Flood,High,"Emergency route clearance"
"People are waiting on a terrace for rescue.",Flood,Critical,"Boat rescue"
"The highway service road is flooded.",Flood,Medium,"Traffic control team"
"The water has reached waist height inside our home.",Flood,Critical,"Rescue team"
"Several utility poles are surrounded by water.",Flood,High,"Electricity emergency team"
"The canal has overflowed into nearby houses.",Flood,Critical,"Evacuation team"
"Flooding has damaged food supplies in local shops.",Flood,Medium,"Relief supplies"
"The railway station platform is flooded.",Flood,High,"Railway emergency team"
"Water is rushing through the parking garage.",Flood,High,"Pumping equipment"
"The village has lost road access because of flooding.",Flood,High,"Emergency transport"
"Floodwater is approaching the hospital wards.",Flood,Critical,"Medical evacuation"
"People are trapped inside vehicles in the flooded street.",Flood,Critical,"Vehicle rescue"
"The storm drain is overflowing onto the footpath.",Flood,Low,"Municipal cleanup"
"The river has flooded the nearby farms.",Flood,Medium,"Agricultural relief team"
"Floodwater has damaged the road surface.",Flood,Medium,"Road repair team"
"The apartment elevator stopped after water entered the basement.",Flood,High,"Building safety team"
"Several families need temporary shelter after flooding.",Flood,High,"Relief shelter"
"Water has entered the community center.",Flood,Medium,"Cleanup team"
"The coastal road is flooded by heavy rainfall.",Flood,High,"Road closure team"
"Floodwater is surrounding the village temple.",Flood,High,"Evacuation team"
"A child is trapped in a flooded room.",Flood,Critical,"Emergency rescue"
"The water level has reached the first-floor staircase.",Flood,Critical,"Evacuation team"
"Cars are floating near the residential complex.",Flood,Critical,"Rescue team"
"The storm has caused flooding across the neighborhood.",Flood,High,"Disaster response team"
"Water has covered the entire playground.",Flood,Low,"Municipal drainage team"
"Flooding has blocked ambulances from reaching the area.",Flood,Critical,"Emergency route clearance"
"Residents need drinking water after the flood.",Flood,Medium,"Relief supplies"
"The local bridge is unsafe because of strong flood currents.",Flood,High,"Bridge inspection team"
"Water has entered several electrical rooms.",Flood,Critical,"Electricity emergency team"
"The drainage pump has stopped during heavy rain.",Flood,High,"Pumping equipment"
"Floodwater has surrounded the bus stop.",Flood,Medium,"Transport emergency team"
"The river is overflowing toward the village.",Flood,Critical,"Mass evacuation"
"Several houses are isolated by floodwater.",Flood,High,"Boat rescue"
"The street is filled with muddy floodwater.",Flood,Medium,"Municipal cleanup"
"Flooding has damaged the neighborhood water supply.",Flood,High,"Utility repair team"
"The basement generator area is flooded.",Flood,Critical,"Electricity emergency team"
"People are stranded at the railway station due to flooding.",Flood,High,"Evacuation team"
"Water has entered the ground-floor classrooms.",Flood,High,"School evacuation"
"The road tunnel is flooded.",Flood,Critical,"Road closure team"
"Floodwater is entering a nursing home.",Flood,Critical,"Medical evacuation"
"The rain has caused flooding near the airport road.",Flood,High,"Traffic control team"
"Several houses near the river are surrounded by water.",Flood,Critical,"Evacuation team"
"The flood has washed away part of the village road.",Flood,High,"Road repair team"
"Water is flowing into our shop from the street.",Flood,Medium,"Cleanup team"
"The neighborhood needs emergency food after flooding.",Flood,Medium,"Relief supplies"
"Floodwater has reached the entrance of the police station.",Flood,High,"Emergency access team"
"People are stuck on a bus surrounded by water.",Flood,Critical,"Vehicle rescue"
"The rain has flooded the underground parking area.",Flood,Medium,"Water pumping team"
"The river current is becoming dangerous near the houses.",Flood,Critical,"Rescue team"
"Floodwater has damaged several small bridges.",Flood,High,"Bridge inspection team"
"Residents are moving upstairs because of rising water.",Flood,High,"Evacuation team"
"Water has covered the main village square.",Flood,Medium,"Municipal response"
"Several streets are inaccessible because of flooding.",Flood,High,"Road clearance team"
"Floodwater has entered the emergency shelter.",Flood,Critical,"Relocation team"
"A family is trapped inside a flooded vehicle.",Flood,Critical,"Vehicle rescue"
"The rain has caused waterlogging across the market.",Flood,Medium,"Municipal drainage team"
"Floodwater is entering the hospital basement.",Flood,High,"Pumping equipment"
"People need urgent rescue from the flooded neighborhood.",Flood,Critical,"Rescue team"
"Flames are coming from a building near the market.",Fire,High,"Fire brigade"
"Smoke is filling the apartment building.",Fire,Critical,"Fire brigade"
"A kitchen fire has started in our restaurant.",Fire,High,"Fire suppression team"
"An electrical panel is burning inside the office.",Fire,High,"Fire brigade"
"Heavy smoke is coming from the warehouse.",Fire,High,"Fire brigade"
"People are trapped inside the burning building.",Fire,Critical,"Emergency rescue"
"A gas cylinder is on fire near the kitchen.",Fire,Critical,"Fire brigade"
"Flames are spreading across the shop.",Fire,Critical,"Fire suppression team"
"A vehicle has caught fire on the highway.",Fire,High,"Fire brigade"
"The factory floor is on fire.",Fire,Critical,"Industrial fire team"
"Smoke is coming from the basement.",Fire,High,"Fire brigade"
"A short circuit has caused a fire at home.",Fire,High,"Fire brigade"
"Fire has broken out near the electrical transformer.",Fire,Critical,"Electricity and fire team"
"The hotel corridor is filled with smoke.",Fire,Critical,"Building evacuation team"
"A fire is spreading through the storage room.",Fire,High,"Fire suppression team"
"Several homes are threatened by a nearby fire.",Fire,Critical,"Mass evacuation"
"The school laboratory is on fire.",Fire,Critical,"School evacuation team"
"An LPG leak has caused flames in the kitchen.",Fire,Critical,"Fire brigade"
"Smoke is coming from the server room.",Fire,High,"Fire suppression team"
"The garage is burning and vehicles are inside.",Fire,Critical,"Fire brigade"
"Fire has started in the market area.",Fire,High,"Fire brigade"
"A transformer has caught fire near the road.",Fire,High,"Electricity emergency team"
"The restaurant kitchen is filled with smoke.",Fire,Medium,"Fire inspection team"
"Flames are visible from the top floor.",Fire,Critical,"Building rescue team"
"A fire has started in the garbage storage area.",Fire,Medium,"Municipal fire team"
"Fire is spreading toward nearby houses.",Fire,Critical,"Evacuation team"
"The warehouse contains chemicals and is burning.",Fire,Critical,"Hazmat fire team"
"An electrical wire is sparking and burning.",Fire,High,"Electricity emergency team"
"A bus has caught fire at the station.",Fire,High,"Fire brigade"
"The apartment stairwell is full of smoke.",Fire,Critical,"Building evacuation team"
"Fire has started in the basement parking area.",Fire,High,"Fire suppression team"
"People cannot exit because the main door is blocked by flames.",Fire,Critical,"Emergency rescue"
"A cooking gas cylinder is leaking and burning.",Fire,Critical,"Fire brigade"
"The fire alarm is sounding throughout the building.",Fire,High,"Fire inspection team"
"Flames are coming from a factory chimney.",Fire,High,"Industrial fire team"
"A fire has broken out in the electrical room.",Fire,Critical,"Fire brigade"
"Smoke is spreading through the shopping mall.",Fire,Critical,"Mass evacuation"
"Several vehicles are burning in the parking lot.",Fire,High,"Fire suppression team"
"The roadside stall is completely on fire.",Fire,Medium,"Fire brigade"
"Fire has reached the roof of the house.",Fire,High,"Fire brigade"
"A candle caused a fire inside the bedroom.",Fire,Medium,"Fire brigade"
"The fire is moving toward the residential colony.",Fire,Critical,"Evacuation team"
"An office computer has started burning.",Fire,Medium,"Fire inspection team"
"The chemical storage area is producing thick smoke.",Fire,Critical,"Hazmat fire team"
"A fire has started at the petrol station.",Fire,Critical,"Emergency fire response"
"The school bus is burning outside the school.",Fire,Critical,"Fire brigade"
"Smoke is coming from a locked apartment.",Fire,Critical,"Emergency rescue"
"The electrical meter box is burning.",Fire,High,"Electricity emergency team"
"Flames are visible inside the textile factory.",Fire,Critical,"Industrial fire team"
"Fire has spread to the neighboring building.",Fire,Critical,"Fire suppression team"
"The kitchen exhaust is on fire.",Fire,Medium,"Fire brigade"
"A pile of construction material is burning.",Fire,Medium,"Municipal fire team"
"The market is filling with smoke.",Fire,High,"Market evacuation team"
"A mobile charging device caused a small fire.",Fire,Low,"Fire safety inspection"
"Fire has started in the apartment corridor.",Fire,High,"Building evacuation team"
"An overheated machine has caught fire.",Fire,High,"Industrial fire team"
"Smoke is coming from the underground parking lot.",Fire,High,"Fire brigade"
"Flames are spreading across dry vegetation.",Fire,High,"Wildfire response team"
"A forest fire is approaching the village.",Fire,Critical,"Mass evacuation"
"Dry grass is burning near the highway.",Fire,Medium,"Fire control team"
"A roadside electrical pole has caught fire.",Fire,High,"Fire brigade"
"The fire has reached several parked vehicles.",Fire,High,"Fire suppression team"
"An explosion was followed by a building fire.",Fire,Critical,"Fire and rescue team"
"People are trapped above the fire floor.",Fire,Critical,"Building rescue team"
"Smoke is coming from the school kitchen.",Fire,Medium,"Fire brigade"
"A fire has started in the hospital storage room.",Fire,Critical,"Hospital fire team"
"Flames are visible in the shopping complex.",Fire,High,"Mass evacuation"
"The generator room is burning.",Fire,Critical,"Fire brigade"
"Fire has started near the railway tracks.",Fire,High,"Railway emergency team"
"The fire is producing toxic smoke.",Fire,Critical,"Hazmat fire team"
"A gas pipeline appears to be burning.",Fire,Critical,"Gas emergency team"
"Fire has entered the neighboring apartment.",Fire,Critical,"Evacuation team"
"The warehouse roof is burning.",Fire,High,"Fire suppression team"
"Smoke is blocking the building entrance.",Fire,Critical,"Emergency rescue"
"An electrical socket has started burning.",Fire,Medium,"Fire brigade"
"Fire is spreading through the wooden structure.",Fire,High,"Fire suppression team"
"The fire is close to a fuel storage tank.",Fire,Critical,"Hazmat fire team"
"A small fire has started in the trash bin.",Fire,Low,"Municipal fire team"
"The restaurant dining area is on fire.",Fire,High,"Fire brigade"
"Flames are coming from a residential balcony.",Fire,High,"Building rescue team"
"The fire alarm has stopped but smoke remains.",Fire,High,"Fire inspection team"
"An entire row of shops is burning.",Fire,Critical,"Fire suppression team"
"The fire is approaching the nearby school.",Fire,Critical,"School evacuation team"
"Smoke is entering homes from the factory fire.",Fire,High,"Evacuation team"
"A transformer explosion caused flames.",Fire,Critical,"Electricity emergency team"
"The fire has damaged the communication tower.",Fire,High,"Emergency communications team"
"A fire is burning inside the train coach.",Fire,Critical,"Railway rescue team"
"Flames are visible around the fuel station entrance.",Fire,Critical,"Emergency fire response"
"Fire has started in the apartment kitchen.",Fire,Medium,"Fire brigade"
"The office pantry is burning.",Fire,Medium,"Fire brigade"
"A fire has broken out in the industrial area.",Fire,High,"Industrial fire team"
"Smoke is spreading across the neighborhood.",Fire,High,"Public safety team"
"The fire department is needed immediately at the building.",Fire,Critical,"Fire brigade"
"The ground is shaking violently.",Earthquake,Critical,"Search and rescue team"
"We felt a strong earthquake a few minutes ago.",Earthquake,High,"Emergency assessment team"
"Buildings are shaking in our neighborhood.",Earthquake,High,"Safety inspection team"
"Cracks have appeared in the walls after the tremor.",Earthquake,Medium,"Building inspection team"
"A building has partially collapsed after the earthquake.",Earthquake,Critical,"Search and rescue team"
"People are trapped under fallen concrete.",Earthquake,Critical,"Urban rescue team"
"Furniture has fallen throughout the house.",Earthquake,Medium,"Safety assessment team"
"The earthquake damaged several roads.",Earthquake,High,"Road inspection team"
"Power lines have fallen after the tremor.",Earthquake,Critical,"Electricity emergency team"
"Aftershocks are being felt in the area.",Earthquake,High,"Emergency monitoring team"
"The ceiling has collapsed in one room.",Earthquake,High,"Building rescue team"
"People have evacuated their homes after strong shaking.",Earthquake,Medium,"Emergency shelter"
"A bridge may have been damaged by the earthquake.",Earthquake,High,"Bridge inspection team"
"Gas is leaking after the earthquake.",Earthquake,Critical,"Gas emergency team"
"Several windows have shattered during the tremor.",Earthquake,Medium,"Safety inspection team"
"The apartment building is leaning after the earthquake.",Earthquake,Critical,"Immediate evacuation"
"People are trapped inside a damaged school.",Earthquake,Critical,"School rescue team"
"The hospital building has developed large cracks.",Earthquake,Critical,"Medical safety team"
"A wall collapsed onto the road.",Earthquake,High,"Road clearance team"
"The earthquake damaged water pipelines.",Earthquake,High,"Water utility team"
"Residents are sleeping outside because of aftershocks.",Earthquake,Medium,"Emergency shelter"
"Falling objects injured people during the tremor.",Earthquake,Critical,"Medical rescue team"
"The ground shook strongly near the railway station.",Earthquake,High,"Railway inspection team"
"A residential building has collapsed.",Earthquake,Critical,"Urban search and rescue"
"Electrical equipment fell during the earthquake.",Earthquake,Medium,"Electricity inspection team"
"The road has developed cracks after the tremor.",Earthquake,High,"Road inspection team"
"Several houses are unsafe after the earthquake.",Earthquake,High,"Evacuation team"
"The earthquake damaged the water tank.",Earthquake,Medium,"Water utility team"
"People are trapped on an upper floor.",Earthquake,Critical,"Building rescue team"
"The shaking caused shelves to fall in the shop.",Earthquake,Low,"Safety inspection team"
"A large crack has appeared across the building wall.",Earthquake,High,"Building inspection team"
"The earthquake has damaged the railway tracks.",Earthquake,High,"Railway emergency team"
"A chimney collapsed during the earthquake.",Earthquake,Medium,"Building safety team"
"The power supply stopped after the tremor.",Earthquake,High,"Electricity emergency team"
"An old building has partially collapsed.",Earthquake,Critical,"Search and rescue team"
"The earthquake caused landslips on the nearby road.",Earthquake,High,"Road clearance team"
"People are injured after objects fell during shaking.",Earthquake,Critical,"Medical rescue team"
"The building staircase has been damaged.",Earthquake,High,"Building rescue team"
"Water is leaking from a broken pipeline after the earthquake.",Earthquake,Medium,"Water utility team"
"The tremor knocked down several trees.",Earthquake,Low,"Municipal cleanup"
"The earthquake has blocked the main road.",Earthquake,High,"Road clearance team"
"Residents report continuous aftershocks.",Earthquake,High,"Emergency monitoring team"
"A school wall collapsed during the earthquake.",Earthquake,Critical,"School rescue team"
"The apartment elevator is stuck after the tremor.",Earthquake,High,"Technical rescue team"
"Several buildings have visible structural damage.",Earthquake,High,"Structural inspection team"
"The earthquake damaged the gas pipeline.",Earthquake,Critical,"Gas emergency team"
"People are gathering in an open ground after shaking.",Earthquake,Medium,"Emergency shelter"
"A hospital ceiling collapsed after the earthquake.",Earthquake,Critical,"Medical rescue team"
"Power poles have fallen across the street.",Earthquake,High,"Electricity emergency team"
"The bridge has visible cracks after the tremor.",Earthquake,Critical,"Bridge inspection team"
"A water pipeline burst after the earthquake.",Earthquake,Medium,"Water utility team"
"The earthquake damaged the local communication network.",Earthquake,High,"Communication emergency team"
"Several shops have structural cracks.",Earthquake,Medium,"Building inspection team"
"The ground is still shaking occasionally.",Earthquake,High,"Emergency monitoring team"
"People are trapped in a collapsed shop.",Earthquake,Critical,"Urban rescue team"
"A residential staircase has collapsed.",Earthquake,Critical,"Building rescue team"
"The earthquake knocked out electricity in the area.",Earthquake,High,"Electricity emergency team"
"An old wall fell onto parked vehicles.",Earthquake,High,"Road clearance team"
"The earthquake damaged the railway platform.",Earthquake,High,"Railway inspection team"
"People need medical assistance after the tremor.",Earthquake,High,"Medical rescue team"
"Large cracks are visible in the school building.",Earthquake,High,"School inspection team"
"Gas smell is coming from a damaged house.",Earthquake,Critical,"Gas emergency team"
"Several roofs have collapsed after the earthquake.",Earthquake,Critical,"Search and rescue team"
"The tremor damaged a highway overpass.",Earthquake,Critical,"Bridge inspection team"
"Residents are afraid to return to damaged homes.",Earthquake,Medium,"Emergency shelter"
"An earthquake has caused debris to block the street.",Earthquake,High,"Road clearance team"
"The water supply stopped after the tremor.",Earthquake,Medium,"Water utility team"
"A building has tilted noticeably after shaking.",Earthquake,Critical,"Immediate evacuation"
"Fallen bricks have injured pedestrians.",Earthquake,Critical,"Medical rescue team"
"Emergency teams are needed after a major earthquake.",Earthquake,Critical,"Disaster response team"
"The hillside has collapsed onto the road.",Landslide,High,"Road clearance team"
"Mud and rocks are blocking the highway.",Landslide,High,"Heavy equipment team"
"Heavy rain triggered a landslide near the village.",Landslide,Critical,"Evacuation team"
"Several vehicles are trapped by falling debris.",Landslide,High,"Vehicle rescue team"
"Large rocks are falling from the hillside.",Landslide,Critical,"Immediate evacuation"
"Mud has entered several houses.",Landslide,High,"Rescue team"
"The mountain road is completely blocked.",Landslide,High,"Road clearance team"
"A landslide has isolated the village.",Landslide,Critical,"Emergency transport"
"Trees and soil have fallen across the road.",Landslide,Medium,"Cleanup team"
"The slope behind our house is collapsing.",Landslide,Critical,"Evacuation team"
"Rockfall has damaged the road.",Landslide,High,"Road repair team"
"People are trapped inside a vehicle after a landslide.",Landslide,Critical,"Vehicle rescue team"
"Loose soil is sliding down the hill.",Landslide,High,"Geological assessment team"
"The landslide has blocked access to the hospital.",Landslide,Critical,"Emergency route clearance"
"Debris is covering the railway track.",Landslide,High,"Railway clearance team"
"Several homes are threatened by the unstable slope.",Landslide,Critical,"Evacuation team"
"A large boulder has fallen onto the highway.",Landslide,High,"Heavy equipment team"
"The road is covered with mud after the slope failed.",Landslide,Medium,"Road cleanup team"
"Rain has caused soil to collapse near the houses.",Landslide,High,"Safety inspection team"
"A retaining wall has failed on the hillside.",Landslide,High,"Engineering team"
"The mountain path has disappeared under debris.",Landslide,Medium,"Road clearance team"
"Residents are hearing rocks falling behind their homes.",Landslide,Critical,"Evacuation team"
"The landslide damaged a bridge approach.",Landslide,High,"Bridge inspection team"
"Power poles have been knocked down by falling soil.",Landslide,High,"Electricity emergency team"
"Mud is flowing toward the residential area.",Landslide,Critical,"Emergency evacuation"
"Several roads are blocked by rockfall.",Landslide,High,"Road clearance team"
"A hillside crack is getting wider after rainfall.",Landslide,High,"Geological monitoring"
"The landslide has damaged a water pipeline.",Landslide,Medium,"Water utility team"
"People cannot leave the village because of debris.",Landslide,Critical,"Emergency transport"
"Rock debris is falling onto passing vehicles.",Landslide,Critical,"Traffic control team"
"A large section of hillside has collapsed.",Landslide,Critical,"Geological emergency team"
"The road tunnel entrance is blocked by mud.",Landslide,High,"Heavy equipment team"
"Several trees have fallen with the landslide.",Landslide,Medium,"Cleanup team"
"An unstable slope is threatening the school.",Landslide,Critical,"School evacuation team"
"Rainwater is washing soil onto the road.",Landslide,Medium,"Drainage and cleanup team"
"The landslide has cut off telephone lines.",Landslide,High,"Communication repair team"
"Debris has covered the village entrance.",Landslide,High,"Road clearance team"
"A family is trapped behind a landslide.",Landslide,Critical,"Rescue team"
"The hillside above the highway looks unstable.",Landslide,High,"Geological inspection team"
"Falling rocks have damaged several vehicles.",Landslide,High,"Vehicle recovery team"
"Loose rocks are blocking the mountain route.",Landslide,Medium,"Road clearance team"
"The landslide has reached the backyard of a house.",Landslide,High,"Safety inspection team"
"Part of the road has collapsed into the valley.",Landslide,Critical,"Road closure team"
"Heavy rain is causing repeated small landslides.",Landslide,High,"Geological monitoring"
"The village is surrounded by landslide debris.",Landslide,Critical,"Emergency evacuation"
"A large tree and rocks have blocked the road.",Landslide,Medium,"Cleanup team"
"People are stranded because the mountain road collapsed.",Landslide,High,"Emergency transport"
"The slope is moving behind the apartment building.",Landslide,Critical,"Immediate evacuation"
"A landslide has damaged the electricity network.",Landslide,High,"Electricity emergency team"
"Rockfall is occurring near the railway tunnel.",Landslide,Critical,"Railway emergency team"
"Floodwater has triggered a mudslide.",Landslide,High,"Rescue team"
"Debris has entered the drainage channel.",Landslide,Medium,"Drainage cleanup"
"The retaining wall is cracking badly.",Landslide,High,"Engineering inspection team"
"Several houses are at risk from the collapsing hillside.",Landslide,Critical,"Mass evacuation"
"The road surface is buried under several feet of mud.",Landslide,High,"Heavy equipment team"
"Fallen rocks have blocked emergency vehicles.",Landslide,Critical,"Emergency route clearance"
"The landslide has damaged the local bridge.",Landslide,High,"Bridge inspection team"
"Residents need help leaving the affected slope.",Landslide,Critical,"Evacuation team"
"A landslide occurred near the school entrance.",Landslide,High,"School safety team"
"Large cracks have appeared on the hillside.",Landslide,High,"Geological monitoring"
"Debris is moving toward the lower settlement.",Landslide,Critical,"Emergency evacuation"
"The landslide has buried part of the road.",Landslide,High,"Road clearance team"
"Several vehicles are stuck behind fallen rocks.",Landslide,Medium,"Vehicle rescue team"
"The mountain road is unsafe because of continuing rockfall.",Landslide,Critical,"Road closure team"
"Soil is collapsing near the foundation of our house.",Landslide,Critical,"Building inspection team"
"The hillside collapsed after hours of rain.",Landslide,High,"Rescue team"
"Rockfall has damaged the railway signal system.",Landslide,High,"Railway repair team"
"The landslide blocked access to the emergency center.",Landslide,Critical,"Emergency route clearance"
"A mudslide has entered the lower part of the village.",Landslide,Critical,"Evacuation team"
"The road is covered in rocks and tree branches.",Landslide,Medium,"Cleanup team"
"Another slope failure is possible near the settlement.",Landslide,High,"Geological monitoring"
"Residents report loud cracking sounds from the hill.",Landslide,Critical,"Immediate evacuation"
"The landslide has destroyed part of the road.",Landslide,High,"Road repair team"
"Heavy debris is blocking the mountain pass.",Landslide,High,"Heavy equipment team"
"People need shelter after the hillside collapse.",Landslide,Medium,"Emergency shelter"
"The cyclone warning has been issued for the coast.",Cyclone,High,"Emergency warning team"
"Very strong winds are approaching the coastal village.",Cyclone,Critical,"Coastal evacuation team"
"Heavy rain and cyclone winds are hitting the city.",Cyclone,High,"Disaster response team"
"Trees are falling because of strong cyclone winds.",Cyclone,High,"Emergency road clearance"
"Power lines are down after the cyclone.",Cyclone,Critical,"Electricity emergency team"
"The sea is extremely rough near the shoreline.",Cyclone,Critical,"Coastal evacuation team"
"Roofs are being damaged by strong winds.",Cyclone,High,"Emergency repair team"
"People are being evacuated from the coastal area.",Cyclone,Critical,"Evacuation team"
"The cyclone has flooded several coastal streets.",Cyclone,High,"Rescue team"
"Communication towers have stopped working.",Cyclone,High,"Communication repair team"
"Large waves are hitting the coastal road.",Cyclone,Critical,"Road closure team"
"Several boats are still at sea during the cyclone.",Cyclone,Critical,"Coast guard rescue"
"The cyclone is expected to make landfall tonight.",Cyclone,High,"Emergency preparedness team"
"Strong winds have damaged windows across the neighborhood.",Cyclone,Medium,"Emergency repair team"
"Trees have fallen across the main highway.",Cyclone,High,"Road clearance team"
"The roof of our house is lifting in the wind.",Cyclone,Critical,"Emergency evacuation"
"Flooding is worsening because of cyclone rainfall.",Cyclone,High,"Flood rescue team"
"People near the beach need immediate evacuation.",Cyclone,Critical,"Coastal evacuation team"
"The cyclone has damaged the local power grid.",Cyclone,High,"Electricity emergency team"
"Heavy rain has flooded the fishing village.",Cyclone,Critical,"Boat rescue team"
"The wind has broken several streetlights.",Cyclone,Medium,"Municipal repair team"
"The sea level is rising during the storm.",Cyclone,Critical,"Coastal evacuation team"
"A fishing boat has lost communication during the cyclone.",Cyclone,Critical,"Coast guard rescue"
"The cyclone has damaged the harbor.",Cyclone,High,"Harbor emergency team"
"Strong winds are blocking roads with fallen branches.",Cyclone,Medium,"Road cleanup team"
"The storm has damaged the roof of the school.",Cyclone,High,"School safety team"
"Residents are sheltering indoors because of extreme winds.",Cyclone,Medium,"Emergency shelter"
"The cyclone has knocked out electricity in the area.",Cyclone,High,"Electricity emergency team"
"Large waves are flooding the seaside neighborhood.",Cyclone,Critical,"Mass evacuation"
"Several houses near the coast are damaged.",Cyclone,High,"Damage assessment team"
"The cyclone has uprooted trees near the hospital.",Cyclone,High,"Emergency road clearance"
"Rainwater is entering homes during the cyclone.",Cyclone,High,"Flood rescue team"
"Wind speeds are increasing rapidly near the coast.",Cyclone,Critical,"Emergency warning team"
"People are trapped in a coastal building.",Cyclone,Critical,"Rescue team"
"The cyclone has damaged the railway overhead wires.",Cyclone,High,"Railway emergency team"
"Power transformers have been damaged by the storm.",Cyclone,Critical,"Electricity emergency team"
"The coastal highway is covered with debris.",Cyclone,High,"Road clearance team"
"Strong winds have damaged several apartment balconies.",Cyclone,Medium,"Building inspection team"
"The storm surge is moving toward the village.",Cyclone,Critical,"Immediate evacuation"
"Boats are being thrown against the harbor wall.",Cyclone,Critical,"Harbor emergency team"
"The cyclone has caused widespread flooding.",Cyclone,Critical,"Disaster response team"
"The roof of a shop has blown away.",Cyclone,High,"Emergency repair team"
"Trees have fallen onto residential houses.",Cyclone,Critical,"Rescue team"
"The cyclone has damaged telephone networks.",Cyclone,High,"Communication repair team"
"Coastal roads are underwater after the storm surge.",Cyclone,Critical,"Road closure team"
"Residents need food and water after the cyclone.",Cyclone,Medium,"Relief supplies"
"The storm has damaged several fishing boats.",Cyclone,High,"Marine rescue team"
"Strong winds are breaking windows in our building.",Cyclone,High,"Building safety team"
"The cyclone has disrupted airport operations.",Cyclone,High,"Transport emergency team"
"Rain is entering the house through the damaged roof.",Cyclone,Medium,"Emergency shelter team"
"The storm surge has entered the lower village.",Cyclone,Critical,"Mass evacuation"
"Several power poles have fallen on the road.",Cyclone,Critical,"Electricity emergency team"
"The cyclone has blocked the road to the hospital.",Cyclone,Critical,"Emergency route clearance"
"Large waves have damaged the sea wall.",Cyclone,High,"Coastal engineering team"
"People are stranded in a flooded coastal neighborhood.",Cyclone,Critical,"Boat rescue"
"The storm has damaged the water supply.",Cyclone,High,"Water utility team"
"Trees are blocking multiple streets after the cyclone.",Cyclone,Medium,"Municipal cleanup"
"The cyclone has destroyed several roadside shelters.",Cyclone,High,"Emergency shelter team"
"Wind and rain are becoming dangerously intense.",Cyclone,Critical,"Emergency warning team"
"A coastal village has lost electricity during the storm.",Cyclone,High,"Electricity emergency team"
"The storm has damaged the emergency communication system.",Cyclone,Critical,"Communication emergency team"
"Fishing families need evacuation before landfall.",Cyclone,Critical,"Coastal evacuation team"
"The cyclone has damaged the local school.",Cyclone,High,"School safety team"
"Water is entering homes because of storm surge.",Cyclone,Critical,"Evacuation team"
"Several roads are blocked by fallen trees.",Cyclone,Medium,"Road clearance team"
"The harbor is unsafe because of huge waves.",Cyclone,Critical,"Harbor closure team"
"Strong winds have damaged the hospital roof.",Cyclone,Critical,"Medical facility repair team"
"The cyclone has caused severe coastal erosion.",Cyclone,High,"Coastal assessment team"
"Residents are being moved to an emergency shelter.",Cyclone,Medium,"Shelter management team"
"The storm has damaged the railway station.",Cyclone,High,"Railway inspection team"
"Floodwater is rising rapidly during the cyclone.",Cyclone,Critical,"Flood rescue team"
"The cyclone has destroyed several utility poles.",Cyclone,High,"Electricity repair team"
"People are trapped inside a flooded coastal house.",Cyclone,Critical,"Boat rescue"
"The storm has damaged the main bridge.",Cyclone,Critical,"Bridge inspection team"
"Emergency supplies are needed in the affected village.",Cyclone,Medium,"Relief supplies"
"The cyclone has disrupted mobile phone service.",Cyclone,High,"Communication repair team"
"Severe winds are approaching the residential area.",Cyclone,Critical,"Mass evacuation"
"The sea has crossed the coastal barrier.",Cyclone,Critical,"Coastal evacuation team"
"Several homes have lost their roofs.",Cyclone,High,"Emergency shelter team"
"The cyclone has left debris across the town.",Cyclone,Medium,"Municipal cleanup"
"People need urgent rescue after the storm surge.",Cyclone,Critical,"Rescue team"
"The cyclone has damaged the local clinic.",Cyclone,High,"Medical emergency team"
"Water and food are urgently needed after the storm.",Cyclone,Medium,"Relief supplies"
"The storm has caused widespread damage along the coast.",Cyclone,High,"Disaster assessment team"
"Strong winds are still affecting the area.",Cyclone,High,"Emergency monitoring team"
"The cyclone has passed but many residents remain stranded.",Cyclone,Critical,"Rescue team"
"Rainwater is rapidly filling the lane behind our houses.",Flood,High,"Rescue team"
"The canal has spilled over into the nearby settlement.",Flood,Critical,"Evacuation team"
"Water is covering the entrance of the apartment complex.",Flood,High,"Pumping equipment"
"The stream has overflowed after hours of rain.",Flood,High,"Flood response team"
"Several residents cannot open their doors because of rising water.",Flood,Critical,"Rescue team"
"The basement parking is filling with rainwater.",Flood,Medium,"Water pumping team"
"Water has collected dangerously around the electrical panel.",Flood,Critical,"Electricity emergency team"
"The village playground is completely submerged.",Flood,Low,"Municipal drainage team"
"Floodwater is moving through the residential lane.",Flood,High,"Rescue team"
"The river has overflowed its banks near the houses.",Flood,Critical,"Evacuation team"
"Several motorcycles are underwater outside the building.",Flood,Medium,"Pumping equipment"
"The main road has disappeared beneath floodwater.",Flood,High,"Road closure team"
"Water has entered the ground-floor medical center.",Flood,Critical,"Medical evacuation"
"Residents are stranded on the upper floors.",Flood,Critical,"Boat rescue"
"The drainage system is overflowing across the street.",Flood,Medium,"Municipal drainage team"
"Floodwater has surrounded the local police station.",Flood,High,"Emergency access team"
"The railway underpass is filled with water.",Flood,High,"Railway emergency team"
"Water is flowing into houses from the nearby canal.",Flood,High,"Evacuation team"
"The river current is becoming very strong.",Flood,Critical,"Rescue team"
"Several pedestrians are trapped by water on the road.",Flood,High,"Emergency rescue"
"Rain has flooded the entrance to the shopping area.",Flood,Medium,"Municipal cleanup"
"Water has reached the steps of our apartment.",Flood,Medium,"Evacuation team"
"The village has been cut off by overflowing water.",Flood,Critical,"Emergency transport"
"Floodwater has damaged the local road bridge.",Flood,High,"Bridge inspection team"
"Cars are stranded in water near the intersection.",Flood,High,"Vehicle rescue"
"The water level outside is rising steadily.",Flood,High,"Flood monitoring team"
"Water has entered the electrical basement.",Flood,Critical,"Electricity emergency team"
"Several homes near the lake are flooded.",Flood,Critical,"Evacuation team"
"The street is impassable because of deep water.",Flood,High,"Road closure team"
"Floodwater is entering our office building.",Flood,Medium,"Pumping equipment"
"An elderly resident is unable to leave the flooded house.",Flood,Critical,"Rescue team"
"The storm has flooded the neighborhood playground.",Flood,Low,"Municipal cleanup"
"Water has covered the local bus route.",Flood,Medium,"Transport emergency team"
"The water level in the reservoir is dangerously high.",Flood,High,"Water management team"
"Floodwater has entered several ground-floor shops.",Flood,Medium,"Relief supplies"
"The bridge approach is submerged.",Flood,High,"Bridge inspection team"
"Residents are requesting boats because the road is underwater.",Flood,Critical,"Boat rescue"
"The flood has damaged the drinking water system.",Flood,High,"Water utility team"
"Water is rushing down the street faster than expected.",Flood,Critical,"Rescue team"
"The drainage pump is unable to remove the water.",Flood,High,"Pumping equipment"
"Several families have moved to their rooftops.",Flood,Critical,"Boat rescue"
"The river is overflowing toward the residential colony.",Flood,Critical,"Mass evacuation"
"Water has entered the basement of the community hall.",Flood,Medium,"Water pumping team"
"The flooded road is blocking emergency vehicles.",Flood,Critical,"Emergency route clearance"
"Rain has submerged the agricultural fields.",Flood,Medium,"Agricultural relief team"
"Water has reached the lower level of the railway station.",Flood,High,"Railway emergency team"
"The neighborhood sewage system is overflowing.",Flood,Medium,"Municipal cleanup"
"A family is trapped upstairs by rapidly rising water.",Flood,Critical,"Emergency rescue"
"Floodwater is surrounding several parked buses.",Flood,High,"Transport rescue team"
"The local bridge is covered by fast-moving water.",Flood,Critical,"Bridge inspection team"
"Water has entered the electrical substation area.",Flood,Critical,"Electricity emergency team"
"Residents are unable to reach the main road.",Flood,High,"Emergency transport"
"The flood has damaged several roadside drains.",Flood,Medium,"Municipal drainage team"
"Water is entering through the windows of the ground floor.",Flood,High,"Evacuation team"
"The low-lying settlement is filling with water.",Flood,Critical,"Mass evacuation"
"The road near the river has been washed over.",Flood,High,"Road closure team"
"Floodwater has trapped people inside a community center.",Flood,Critical,"Rescue team"
"The parking basement is nearly completely underwater.",Flood,High,"Pumping equipment"
"Several animals are stranded on higher ground.",Flood,Medium,"Animal rescue team"
"The flood has damaged the local power supply.",Flood,High,"Electricity emergency team"
"Water is flowing over the village road.",Flood,High,"Road clearance team"
"The hospital driveway is completely flooded.",Flood,High,"Medical access team"
"Residents need dry food after the flooding.",Flood,Medium,"Relief supplies"
"The water has reached the first floor of a house.",Flood,Critical,"Evacuation team"
"Floodwater is blocking the emergency exit.",Flood,Critical,"Emergency access team"
"Several shops cannot open because of water damage.",Flood,Low,"Municipal cleanup"
"The canal water is entering nearby farmland.",Flood,Medium,"Agricultural relief team"
"People are waiting on the roof for rescue boats.",Flood,Critical,"Boat rescue"
"Water has flooded the underground passage.",Flood,High,"Road closure team"
"The flood has damaged several streetlights.",Flood,Medium,"Electricity repair team"
"The neighborhood road has turned into a river.",Flood,High,"Rescue team"
"Water is surrounding the local fire station.",Flood,Critical,"Emergency route clearance"
"Floodwater has entered a nursing facility.",Flood,Critical,"Medical evacuation"
"Several houses are isolated behind the flooded road.",Flood,High,"Boat rescue"
"The water level near the dam is rising rapidly.",Flood,Critical,"Water management team"
"Flooding has destroyed part of the footpath.",Flood,Medium,"Road repair team"
"People are trapped in a flooded apartment lobby.",Flood,High,"Rescue team"
"Rainwater is flowing into the metro entrance.",Flood,High,"Transport emergency team"
"The river has submerged nearby farmland and roads.",Flood,High,"Flood response team"
"Water is collecting around several residential buildings.",Flood,Medium,"Pumping equipment"
"The flood has damaged the village water pump.",Flood,High,"Water utility team"
"Several commuters are stranded because of flooding.",Flood,Medium,"Emergency transport"
"Floodwater has reached the local school entrance.",Flood,High,"School evacuation team"
"The street drain is overflowing with muddy water.",Flood,Low,"Municipal cleanup"
"The flood current is too strong for people to walk through.",Flood,Critical,"Rescue team"
"Water has entered a warehouse storing food.",Flood,Medium,"Relief assessment team"
"The road to the clinic is underwater.",Flood,High,"Medical access team"
"Several families need temporary accommodation after flooding.",Flood,Medium,"Emergency shelter"
"The flood has damaged a section of the highway.",Flood,High,"Road repair team"
"Water is entering our building through the parking ramp.",Flood,Medium,"Pumping equipment"
"The river has flooded the nearby settlement again.",Flood,High,"Evacuation team"
"Floodwater is carrying tree branches through the street.",Flood,High,"Rescue team"
"The local drainage channel is completely blocked.",Flood,Medium,"Municipal drainage team"
"People are stranded at the bus terminal because of water.",Flood,High,"Transport emergency team"
"The flood has made the village road unsafe.",Flood,High,"Road closure team"
"Water has reached the electrical meters of several houses.",Flood,Critical,"Electricity emergency team"
"The floodwater has contaminated the local well.",Flood,High,"Water purification team"
"Several residents require urgent evacuation.",Flood,Critical,"Evacuation team"
"Water has entered the lower floors of the hospital.",Flood,Critical,"Medical evacuation"
"Floodwater is blocking access to the residential tower.",Flood,High,"Rescue team"
"Heavy rain has submerged the neighborhood park.",Flood,Low,"Municipal cleanup"
"The riverbank has collapsed into the flooded area.",Flood,High,"Engineering inspection team"
"Several vehicles are stranded in waist-deep water.",Flood,Critical,"Vehicle rescue"
"Floodwater has reached the village health center.",Flood,Critical,"Medical evacuation"
"Water is flowing into our shop from a broken drain.",Flood,Medium,"Municipal drainage team"
"The flood has damaged the main access road.",Flood,High,"Road repair team"
"Flames are visible from a house across the street.",Fire,High,"Fire brigade"
"A fire has started inside the electrical control room.",Fire,Critical,"Fire suppression team"
"Smoke is coming out of a residential window.",Fire,High,"Fire brigade"
"The kitchen stove has caused a fire.",Fire,Medium,"Fire safety team"
"An entire warehouse section is burning.",Fire,Critical,"Industrial fire team"
"People are trapped in a smoke-filled apartment.",Fire,Critical,"Rescue team"
"A motorcycle has caught fire in the parking area.",Fire,Medium,"Fire brigade"
"The building generator is producing flames.",Fire,High,"Fire brigade"
"A large fire has started in the market.",Fire,Critical,"Market evacuation team"
"Burning wires are hanging from the ceiling.",Fire,High,"Electricity emergency team"
"The fire has reached the second floor.",Fire,Critical,"Building evacuation team"
"Smoke is spreading through the office corridor.",Fire,High,"Emergency evacuation"
"A gas leak is causing flames near the stove.",Fire,Critical,"Gas emergency team"
"The factory machinery is burning.",Fire,High,"Industrial fire team"
"Flames are coming from the basement garage.",Fire,High,"Fire suppression team"
"The fire has spread to several parked cars.",Fire,Critical,"Fire brigade"
"A roadside restaurant is engulfed in flames.",Fire,High,"Fire brigade"
"The school classroom is filled with smoke.",Fire,Critical,"School evacuation team"
"Fire has broken out in a textile storage area.",Fire,High,"Industrial fire team"
"The fire is spreading between neighboring houses.",Fire,Critical,"Mass evacuation"
"A transformer is burning beside the road.",Fire,Critical,"Electricity emergency team"
"Smoke is coming from the elevator shaft.",Fire,High,"Building rescue team"
"The apartment kitchen is on fire.",Fire,High,"Fire brigade"
"A fire has started in the garbage collection area.",Fire,Low,"Municipal fire team"
"The warehouse roof is covered in flames.",Fire,Critical,"Fire suppression team"
"An office floor is filling with smoke.",Fire,Critical,"Building evacuation team"
"A car fire is spreading to nearby vehicles.",Fire,High,"Fire brigade"
"Fire has started in a restaurant storage room.",Fire,Medium,"Fire suppression team"
"The electrical meter is sparking and burning.",Fire,High,"Electricity emergency team"
"A chemical container is burning inside the factory.",Fire,Critical,"Hazmat fire team"
"Flames are coming from a hotel room.",Fire,High,"Hotel evacuation team"
"The fire has reached the building staircase.",Fire,Critical,"Emergency rescue"
"A gas pipeline is leaking near the flames.",Fire,Critical,"Gas emergency team"
"The fire is spreading across dry grass.",Fire,High,"Wildfire response team"
"Smoke from a nearby forest fire is covering the road.",Fire,High,"Wildfire response team"
"A fire has started in the underground parking lot.",Fire,High,"Fire brigade"
"The shopping center has been evacuated because of fire.",Fire,Critical,"Mass evacuation"
"Fire is coming from the kitchen exhaust system.",Fire,Medium,"Fire brigade"
"Several electrical sockets are burning in the room.",Fire,High,"Electricity emergency team"
"An industrial boiler room is on fire.",Fire,Critical,"Industrial fire team"
"Thick black smoke is coming from the factory.",Fire,Critical,"Fire suppression team"
"The fire has reached the roof of the warehouse.",Fire,High,"Fire brigade"
"A burning vehicle is blocking the highway.",Fire,High,"Traffic emergency team"
"The school laboratory has caught fire.",Fire,Critical,"School evacuation team"
"Flames are visible inside a crowded restaurant.",Fire,Critical,"Emergency evacuation"
"A fire is spreading through wooden houses.",Fire,Critical,"Mass evacuation"
"The electrical room smells burnt and smoke is visible.",Fire,High,"Fire inspection team"
"A fuel storage area is burning.",Fire,Critical,"Hazmat fire team"
"The fire has damaged the building's emergency exit.",Fire,Critical,"Rescue team"
"Smoke is entering nearby apartments.",Fire,High,"Evacuation team"
"Flames are coming from the railway coach.",Fire,Critical,"Railway rescue team"
"A bus caught fire while carrying passengers.",Fire,Critical,"Fire and rescue team"
"The fire is close to a petrol storage facility.",Fire,Critical,"Emergency fire response"
"A shop's electrical wiring has caught fire.",Fire,High,"Fire brigade"
"The apartment hallway smells strongly of smoke.",Fire,High,"Building inspection team"
"Flames are spreading through the market stalls.",Fire,Critical,"Market evacuation team"
"An air-conditioning unit has started burning.",Fire,Medium,"Fire brigade"
"The fire has started behind the restaurant.",Fire,Medium,"Fire suppression team"
"Smoke is blocking the main entrance.",Fire,Critical,"Emergency rescue"
"The factory loading area is burning.",Fire,High,"Industrial fire team"
"A fire has started near the gas cylinders.",Fire,Critical,"Fire brigade"
"The fire alarm is active in the entire building.",Fire,High,"Building evacuation team"
"Several homes are threatened by flames from nearby land.",Fire,Critical,"Mass evacuation"
"Fire is spreading through a storage shed.",Fire,High,"Fire suppression team"
"The hospital laundry room is on fire.",Fire,Critical,"Hospital fire team"
"A server rack has overheated and caught fire.",Fire,High,"Fire suppression team"
"Smoke is coming from a locked office.",Fire,Critical,"Emergency rescue"
"A fire has started at a construction site.",Fire,Medium,"Fire brigade"
"The building roof is burning intensely.",Fire,High,"Fire brigade"
"Flames have reached the electrical wiring.",Fire,Critical,"Electricity emergency team"
"A small fire is burning near the roadside.",Fire,Low,"Municipal fire team"
"An apartment balcony is on fire.",Fire,High,"Building rescue team"
"The fire is moving toward a nearby fuel depot.",Fire,Critical,"Hazmat fire team"
"A factory worker reports flames near machinery.",Fire,High,"Industrial fire team"
"Smoke is covering the neighborhood after a fire.",Fire,Medium,"Public safety team"
"Fire has broken out inside a crowded bus.",Fire,Critical,"Emergency rescue"
"A warehouse storing paper products is burning.",Fire,High,"Fire suppression team"
"Flames are coming from a school storage room.",Fire,High,"School evacuation team"
"The fire has spread across several rooms.",Fire,Critical,"Fire brigade"
"An electrical transformer exploded and started burning.",Fire,Critical,"Electricity emergency team"
"Smoke is filling the underground station.",Fire,Critical,"Station evacuation team"
"A fire is burning near the railway platform.",Fire,High,"Railway emergency team"
"Gas cylinders are exposed to the fire.",Fire,Critical,"Hazmat fire team"
"The restaurant's exhaust duct is burning.",Fire,Medium,"Fire brigade"
"Fire has started in the apartment basement.",Fire,High,"Fire suppression team"
"The flames are visible from several blocks away.",Fire,High,"Fire brigade"
"People are unable to exit the burning building.",Fire,Critical,"Emergency rescue"
"A fire has damaged the local communication tower.",Fire,High,"Communication emergency team"
"The fire has reached the neighboring shop.",Fire,High,"Fire suppression team"
"Smoke is coming from a school electrical room.",Fire,High,"School fire team"
"The forest fire is approaching the highway.",Fire,Critical,"Wildfire response team"
"Flames have reached a residential compound.",Fire,Critical,"Mass evacuation"
"The fire has started inside a storage container.",Fire,Medium,"Fire brigade"
"Several homes are surrounded by smoke.",Fire,High,"Evacuation team"
"A generator caught fire in the building basement.",Fire,Critical,"Fire brigade"
"The warehouse contains flammable material and is burning.",Fire,Critical,"Hazmat fire team"
"A fire has started in a street-side electrical box.",Fire,High,"Electricity emergency team"
"Smoke is coming from the hospital kitchen.",Fire,High,"Hospital fire team"
"Flames are visible near the fuel station.",Fire,Critical,"Emergency fire response"
"The fire has spread to the apartment corridor.",Fire,Critical,"Building evacuation team"
"A restaurant gas pipe is burning.",Fire,Critical,"Gas emergency team"
"The office pantry caught fire.",Fire,Medium,"Fire brigade"
"Fire has started inside a train compartment.",Fire,Critical,"Railway rescue team"
"The fire is approaching the residential neighborhood.",Fire,Critical,"Mass evacuation"
"A burning tree has fallen across the road.",Fire,High,"Road clearance team"
"The building's electrical room is producing smoke.",Fire,High,"Electricity emergency team"
"Flames are spreading across a dry hillside.",Fire,High,"Wildfire response team"
"The market storage area has caught fire.",Fire,High,"Market evacuation team"
"Firefighters are urgently needed at the factory.",Fire,Critical,"Industrial fire team"
"The ground suddenly started vibrating beneath us.",Earthquake,High,"Emergency assessment team"
"A strong tremor shook our entire apartment.",Earthquake,High,"Building inspection team"
"Several shelves fell during the earthquake.",Earthquake,Medium,"Safety inspection team"
"The ceiling has cracked after the shaking.",Earthquake,Medium,"Structural inspection team"
"A residential building has collapsed.",Earthquake,Critical,"Urban search and rescue"
"People are trapped beneath rubble.",Earthquake,Critical,"Search and rescue team"
"The earthquake damaged the main road.",Earthquake,High,"Road inspection team"
"Gas pipes may have broken after the tremor.",Earthquake,Critical,"Gas emergency team"
"Electricity went out immediately after the earthquake.",Earthquake,High,"Electricity emergency team"
"The bridge is shaking and may be damaged.",Earthquake,Critical,"Bridge inspection team"
"Aftershocks are continuing every few minutes.",Earthquake,High,"Emergency monitoring team"
"A wall has fallen onto parked vehicles.",Earthquake,High,"Road clearance team"
"The school building has developed structural cracks.",Earthquake,High,"School inspection team"
"People are injured by falling objects.",Earthquake,Critical,"Medical rescue team"
"The earthquake has damaged several apartment blocks.",Earthquake,High,"Structural assessment team"
"A staircase collapsed during the tremor.",Earthquake,Critical,"Building rescue team"
"The hospital has evacuated patients after the shaking.",Earthquake,Critical,"Medical evacuation"
"Large cracks have appeared in the road.",Earthquake,Medium,"Road inspection team"
"The water pipeline burst after the earthquake.",Earthquake,High,"Water utility team"
"Residents are afraid to enter their damaged houses.",Earthquake,Medium,"Emergency shelter"
"The railway tracks may have shifted.",Earthquake,High,"Railway inspection team"
"A large building has tilted after the earthquake.",Earthquake,Critical,"Immediate evacuation"
"Several windows shattered during the tremor.",Earthquake,Low,"Safety inspection team"
"Power poles have fallen across the street.",Earthquake,Critical,"Electricity emergency team"
"The earthquake caused a partial roof collapse.",Earthquake,High,"Building rescue team"
"People are trapped inside a collapsed classroom.",Earthquake,Critical,"School rescue team"
"The gas supply is leaking after the shaking.",Earthquake,Critical,"Gas emergency team"
"The road has been blocked by fallen masonry.",Earthquake,High,"Road clearance team"
"Several shops have structural damage.",Earthquake,Medium,"Building inspection team"
"Another strong aftershock just occurred.",Earthquake,High,"Emergency monitoring team"
"The earthquake damaged the underground water tank.",Earthquake,Medium,"Water utility team"
"A bridge support appears cracked.",Earthquake,Critical,"Bridge inspection team"
"Residents are gathering in an open field.",Earthquake,Low,"Emergency shelter"
"The hospital entrance is blocked by debris.",Earthquake,Critical,"Medical access team"
"Several buildings are unsafe after the tremor.",Earthquake,High,"Evacuation team"
"A communication tower has fallen.",Earthquake,High,"Communication emergency team"
"Heavy debris is covering the main street.",Earthquake,High,"Road clearance team"
"People are injured inside a damaged apartment.",Earthquake,Critical,"Medical rescue team"
"The earthquake caused a power transformer to fall.",Earthquake,High,"Electricity emergency team"
"The school playground is filled with fallen debris.",Earthquake,Medium,"Cleanup team"
"An old building has completely collapsed.",Earthquake,Critical,"Urban rescue team"
"The earthquake damaged a highway overpass.",Earthquake,Critical,"Bridge inspection team"
"Water is leaking from damaged underground pipes.",Earthquake,Medium,"Water utility team"
"Residents report cracks in several foundations.",Earthquake,High,"Structural inspection team"
"The elevator is stuck after the earthquake.",Earthquake,High,"Technical rescue team"
"The railway station has suffered structural damage.",Earthquake,High,"Railway emergency team"
"Several people cannot leave a collapsed building.",Earthquake,Critical,"Search and rescue team"
"The tremor knocked down street signs and poles.",Earthquake,Medium,"Municipal cleanup"
"A retaining wall collapsed after the earthquake.",Earthquake,High,"Engineering team"
"People are sheltering outside because buildings are unsafe.",Earthquake,Medium,"Emergency shelter"
"The earthquake damaged the local fire station.",Earthquake,High,"Emergency facility assessment"
"Large pieces of concrete have fallen from a building.",Earthquake,High,"Building rescue team"
"The road has split open after the earthquake.",Earthquake,Critical,"Road closure team"
"A damaged pipeline is flooding the street.",Earthquake,High,"Water utility team"
"Several residents need medical attention.",Earthquake,High,"Medical rescue team"
"The earthquake has disrupted mobile communication.",Earthquake,Medium,"Communication repair team"
"The roof of the school hall collapsed.",Earthquake,Critical,"School rescue team"
"A gas smell is strong near the damaged building.",Earthquake,Critical,"Gas emergency team"
"The tremor caused furniture to fall onto people.",Earthquake,Critical,"Medical rescue team"
"The building's foundation appears damaged.",Earthquake,Critical,"Structural inspection team"
"Aftershocks are causing more cracks in walls.",Earthquake,High,"Building inspection team"
"The earthquake damaged the water treatment facility.",Earthquake,High,"Water utility team"
"Emergency responders cannot reach the blocked street.",Earthquake,Critical,"Road clearance team"
"A residential tower has been evacuated.",Earthquake,High,"Emergency shelter"
"Several bridges require inspection after the quake.",Earthquake,Medium,"Bridge inspection team"
"The earthquake caused a ceiling to collapse in the clinic.",Earthquake,Critical,"Medical rescue team"
"Fallen power cables are blocking the road.",Earthquake,Critical,"Electricity emergency team"
"The tremor damaged the railway signal equipment.",Earthquake,High,"Railway repair team"
"People are trapped in a damaged elevator.",Earthquake,High,"Technical rescue team"
"An apartment wall collapsed into the hallway.",Earthquake,Critical,"Building rescue team"
"Several roads have become unsafe after the quake.",Earthquake,High,"Road inspection team"
"The earthquake has damaged the emergency water supply.",Earthquake,High,"Water utility team"
"A large crack runs across the school entrance.",Earthquake,High,"School inspection team"
"Residents report another series of tremors.",Earthquake,High,"Emergency monitoring team"
"The earthquake damaged several old houses.",Earthquake,Medium,"Structural assessment team"
"A fallen building has blocked the ambulance route.",Earthquake,Critical,"Emergency route clearance"
"People are injured under collapsed furniture.",Earthquake,Critical,"Medical rescue team"
"The tremor caused a water tank to fall from the roof.",Earthquake,High,"Building safety team"
"Several streetlights collapsed during the earthquake.",Earthquake,Low,"Municipal cleanup"
"The earthquake damaged the local bridge deck.",Earthquake,High,"Bridge inspection team"
"A building has partially collapsed near the market.",Earthquake,Critical,"Urban search and rescue"
"The tremor has caused cracks in the hospital walls.",Earthquake,High,"Medical facility inspection"
"The earthquake has disrupted electricity across the neighborhood.",Earthquake,High,"Electricity emergency team"
"People are waiting outside for structural inspections.",Earthquake,Medium,"Safety assessment team"
"The mountain road is buried under fresh mud.",Landslide,High,"Road clearance team"
"A slope has collapsed behind the village.",Landslide,Critical,"Evacuation team"
"Rocks are falling onto the highway.",Landslide,Critical,"Road closure team"
"Heavy mud is blocking the only road out.",Landslide,High,"Heavy equipment team"
"Several cars are stuck behind a landslide.",Landslide,High,"Vehicle rescue team"
"The hillside behind the school is unstable.",Landslide,Critical,"School evacuation team"
"Rain has washed soil onto the railway line.",Landslide,High,"Railway clearance team"
"A large boulder is blocking the mountain road.",Landslide,Medium,"Road clearance team"
"The retaining wall has collapsed after heavy rain.",Landslide,High,"Engineering team"
"Several houses are close to a collapsing slope.",Landslide,Critical,"Mass evacuation"
"Mud is flowing toward the lower part of the village.",Landslide,Critical,"Emergency evacuation"
"The road has disappeared beneath rocks and mud.",Landslide,High,"Heavy equipment team"
"Falling stones are hitting vehicles.",Landslide,Critical,"Traffic control team"
"The landslide has blocked the ambulance route.",Landslide,Critical,"Emergency route clearance"
"A hillside crack has appeared above the houses.",Landslide,High,"Geological monitoring"
"The village bridge approach is covered with debris.",Landslide,High,"Bridge inspection team"
"Loose rocks are falling near the hiking trail.",Landslide,Medium,"Trail closure team"
"The landslide has damaged several power poles.",Landslide,High,"Electricity emergency team"
"People are trapped on the other side of the debris.",Landslide,Critical,"Emergency transport"
"Heavy mud has entered the lower rooms of a house.",Landslide,High,"Rescue team"
"The mountain pass is completely blocked.",Landslide,High,"Road clearance team"
"Rain has triggered repeated rockfalls.",Landslide,Critical,"Geological monitoring"
"A large section of road has collapsed into the valley.",Landslide,Critical,"Road closure team"
"Trees and rocks are covering the highway.",Landslide,High,"Road clearance team"
"The hillside is moving closer to the settlement.",Landslide,Critical,"Evacuation team"
"Debris has blocked the entrance to the village.",Landslide,High,"Heavy equipment team"
"Several vehicles cannot pass because of mud.",Landslide,Medium,"Road clearance team"
"The landslide has damaged a water pipeline.",Landslide,Medium,"Water utility team"
"Rockfall has struck a moving vehicle.",Landslide,Critical,"Vehicle rescue team"
"The slope above the railway tunnel is collapsing.",Landslide,Critical,"Railway emergency team"
"Residents hear rocks crashing from the hillside.",Landslide,High,"Immediate evacuation"
"Flooding has caused a mudslide near the settlement.",Landslide,High,"Rescue team"
"The road is covered in deep landslide debris.",Landslide,High,"Heavy equipment team"
"A large tree has fallen with the hillside.",Landslide,Medium,"Cleanup team"
"The landslide has cut off electricity to the village.",Landslide,High,"Electricity repair team"
"Several homes have mud against their doors.",Landslide,High,"Rescue team"
"The hillside near the highway is severely cracked.",Landslide,High,"Geological inspection team"
"Rock debris has damaged the road barrier.",Landslide,Medium,"Road repair team"
"A family is isolated because of the landslide.",Landslide,Critical,"Emergency transport"
"The road to the hospital is blocked by rocks.",Landslide,Critical,"Emergency route clearance"
"The slope collapsed after overnight rainfall.",Landslide,High,"Rescue team"
"Several utility lines are buried under mud.",Landslide,High,"Utility repair team"
"The railway track is covered with soil.",Landslide,High,"Railway clearance team"
"More rocks are falling from the damaged slope.",Landslide,Critical,"Road closure team"
"A landslide has reached the village houses.",Landslide,Critical,"Mass evacuation"
"The retaining structure behind the building has failed.",Landslide,Critical,"Building safety team"
"Debris is blocking both sides of the road.",Landslide,High,"Heavy equipment team"
"The mountain route is unsafe due to continuing rockfall.",Landslide,Critical,"Road closure team"
"People are stranded because the road collapsed.",Landslide,High,"Emergency transport"
"The hillside has partially collapsed near the school.",Landslide,Critical,"School evacuation team"
"Mud has blocked the drainage channel.",Landslide,Medium,"Drainage cleanup"
"A large rock has fallen onto the railway track.",Landslide,Critical,"Railway emergency team"
"The landslide damaged the village telephone line.",Landslide,High,"Communication repair team"
"Several trees and rocks are blocking access.",Landslide,Medium,"Cleanup team"
"The slope is becoming unstable after continuous rain.",Landslide,High,"Geological monitoring"
"People need to leave homes near the unstable hillside.",Landslide,Critical,"Evacuation team"
"The landslide has damaged the bridge foundation.",Landslide,Critical,"Bridge inspection team"
"Heavy mud is covering the agricultural road.",Landslide,Medium,"Road clearance team"
"Rockfall is occurring near passing traffic.",Landslide,Critical,"Traffic control team"
"The village has no road access after the landslide.",Landslide,Critical,"Emergency transport"
"A large crack has opened across the hillside.",Landslide,High,"Geological assessment team"
"Debris has entered several residential compounds.",Landslide,High,"Rescue team"
"The landslide has buried part of the highway.",Landslide,High,"Heavy equipment team"
"Residents are being moved away from the slope.",Landslide,Critical,"Evacuation team"
"Fallen rocks have damaged a bus.",Landslide,High,"Vehicle rescue team"
"Heavy rain is causing fresh soil movement.",Landslide,High,"Geological monitoring"
"The road barrier was destroyed by falling rocks.",Landslide,Medium,"Road repair team"
"A landslide has blocked the mountain tunnel.",Landslide,High,"Tunnel clearance team"
"The slope behind the hospital is unstable.",Landslide,Critical,"Medical evacuation"
"Several homes are threatened by a mudslide.",Landslide,Critical,"Mass evacuation"
"Power cables are buried beneath landslide debris.",Landslide,High,"Electricity emergency team"
"Water is flowing through a newly formed mud channel.",Landslide,High,"Drainage response team"
"The landslide has isolated elderly residents.",Landslide,Critical,"Rescue team"
"Loose soil is falling onto the village road.",Landslide,Medium,"Road monitoring team"
"The hill has collapsed close to the main road.",Landslide,High,"Road clearance team"
"A second landslide is possible after the first collapse.",Landslide,High,"Geological monitoring"
"People cannot reach the emergency shelter because of debris.",Landslide,Critical,"Emergency route clearance"
"The storm warning has been upgraded for the coastline.",Cyclone,High,"Emergency preparedness team"
"Very strong winds are hitting the coastal district.",Cyclone,Critical,"Coastal evacuation team"
"The cyclone is causing heavy rain across the city.",Cyclone,High,"Disaster response team"
"Large trees have fallen across the main road.",Cyclone,High,"Road clearance team"
"The storm has knocked down multiple power lines.",Cyclone,Critical,"Electricity emergency team"
"Sea waves are crashing over the coastal barrier.",Cyclone,Critical,"Coastal evacuation team"
"The roof of our house has been damaged by the wind.",Cyclone,High,"Emergency repair team"
"Several fishing boats have not returned to shore.",Cyclone,Critical,"Coast guard rescue"
"Water is entering homes because of storm surge.",Cyclone,Critical,"Evacuation team"
"The cyclone has damaged the harbor entrance.",Cyclone,High,"Harbor emergency team"
"Mobile networks are failing during the storm.",Cyclone,High,"Communication repair team"
"The coastal highway is covered with seawater.",Cyclone,Critical,"Road closure team"
"Strong winds are breaking windows in the building.",Cyclone,High,"Building safety team"
"The cyclone has flooded the fishing settlement.",Cyclone,Critical,"Boat rescue"
"Several electricity poles have fallen.",Cyclone,Critical,"Electricity emergency team"
"Storm waves are damaging houses near the beach.",Cyclone,Critical,"Coastal evacuation team"
"The cyclone has damaged the local school roof.",Cyclone,High,"School safety team"
"Heavy rain has caused flooding along the coast.",Cyclone,High,"Flood rescue team"
"The wind is tearing sheets from rooftops.",Cyclone,High,"Emergency repair team"
"A fishing vessel is stranded in rough seas.",Cyclone,Critical,"Marine rescue team"
"Trees have blocked several residential streets.",Cyclone,Medium,"Municipal cleanup"
"The cyclone has damaged the water supply network.",Cyclone,High,"Water utility team"
"People near the shoreline need immediate evacuation.",Cyclone,Critical,"Coastal evacuation team"
"Storm surge has entered the lower village.",Cyclone,Critical,"Mass evacuation"
"The harbor is unsafe because of massive waves.",Cyclone,Critical,"Harbor closure team"
"Strong winds have damaged a communication tower.",Cyclone,High,"Communication emergency team"
"Rain is entering buildings through broken windows.",Cyclone,Medium,"Emergency repair team"
"The cyclone has caused widespread power failures.",Cyclone,High,"Electricity emergency team"
"Several homes have lost sections of their roofs.",Cyclone,High,"Emergency shelter team"
"The coastal road is blocked by fallen trees.",Cyclone,Medium,"Road clearance team"
"Large waves are washing debris into the streets.",Cyclone,High,"Municipal cleanup"
"The storm has damaged boats at the fishing harbor.",Cyclone,High,"Marine rescue team"
"Residents are sheltering inside a community center.",Cyclone,Medium,"Shelter management team"
"Wind speeds are becoming dangerous near the coast.",Cyclone,Critical,"Emergency warning team"
"The cyclone has damaged the hospital roof.",Cyclone,Critical,"Medical facility repair team"
"Storm water is flooding the market area.",Cyclone,High,"Flood response team"
"A sea wall has been damaged by the waves.",Cyclone,High,"Coastal engineering team"
"Several people are stranded in a coastal neighborhood.",Cyclone,Critical,"Boat rescue"
"The cyclone has destroyed roadside signboards.",Cyclone,Medium,"Municipal repair team"
"Power cables are lying across the flooded road.",Cyclone,Critical,"Electricity emergency team"
"The storm has damaged the railway overhead system.",Cyclone,High,"Railway repair team"
"Strong winds have uprooted trees near the airport.",Cyclone,High,"Airport emergency team"
"The cyclone has disrupted ferry services.",Cyclone,High,"Transport emergency team"
"Sea water is entering houses along the shoreline.",Cyclone,Critical,"Mass evacuation"
"Residents are unable to leave because roads are flooded.",Cyclone,Critical,"Emergency transport"
"The storm has damaged several fishing docks.",Cyclone,High,"Harbor emergency team"
"Roof panels are flying off nearby buildings.",Cyclone,Critical,"Immediate evacuation"
"The cyclone has caused severe coastal flooding.",Cyclone,Critical,"Flood rescue team"
"Emergency food is needed at the coastal shelter.",Cyclone,Medium,"Relief supplies"
"Several streets are covered with fallen branches.",Cyclone,Medium,"Municipal cleanup"
"The storm surge has damaged the village road.",Cyclone,High,"Road repair team"
"Strong waves are threatening the harbor wall.",Cyclone,Critical,"Harbor emergency team"
"The cyclone has damaged local telephone infrastructure.",Cyclone,High,"Communication repair team"
"People are trapped inside a flooded coastal house.",Cyclone,Critical,"Boat rescue"
"The wind has damaged multiple apartment balconies.",Cyclone,High,"Building inspection team"
"The storm has caused a major power outage.",Cyclone,High,"Electricity emergency team"
"Heavy rain is entering the emergency shelter.",Cyclone,High,"Shelter relocation team"
"Several boats are drifting near the harbor.",Cyclone,Critical,"Marine rescue team"
"The cyclone has blocked the road to the clinic.",Cyclone,Critical,"Emergency route clearance"
"Floodwater is rising in the coastal market.",Cyclone,High,"Flood response team"
"The sea has crossed the protective barrier.",Cyclone,Critical,"Coastal evacuation team"
"Several homes have been damaged by storm debris.",Cyclone,High,"Damage assessment team"
"Wind has damaged the local power transformer.",Cyclone,Critical,"Electricity repair team"
"The storm has uprooted trees around the school.",Cyclone,High,"School safety team"
"People need drinking water after the cyclone.",Cyclone,Medium,"Relief supplies"
"The cyclone has damaged the fishing equipment.",Cyclone,Medium,"Relief assistance"
"Strong winds are making travel impossible.",Cyclone,High,"Transport emergency team"
"The coastal village has lost all electricity.",Cyclone,Critical,"Electricity emergency team"
"The storm has damaged several roadside shelters.",Cyclone,High,"Emergency shelter team"
"Large waves are entering the harbor area.",Cyclone,Critical,"Harbor closure team"
"The cyclone has flooded the ground floor of homes.",Cyclone,High,"Evacuation team"
"Residents report broken windows throughout the area.",Cyclone,Medium,"Emergency repair team"
"Heavy rain is causing landside flooding during the cyclone.",Cyclone,High,"Flood rescue team"
"The storm has damaged the bridge connecting the village.",Cyclone,Critical,"Bridge inspection team"
"Several people are waiting for rescue at the shelter.",Cyclone,Critical,"Rescue team"
"The cyclone has knocked down streetlights.",Cyclone,Medium,"Municipal repair team"
"Strong winds have damaged the local clinic.",Cyclone,High,"Medical emergency team"
"The sea is unusually rough and boats are missing.",Cyclone,Critical,"Coast guard rescue"
"Storm debris is blocking the emergency access road.",Cyclone,Critical,"Emergency route clearance"
"The cyclone has caused extensive damage to the coastline.",Cyclone,High,"Disaster assessment team"
"People need blankets and food at the relief center.",Cyclone,Medium,"Relief supplies"
"The wind has damaged several communication antennas.",Cyclone,High,"Communication repair team"
"The storm surge is approaching more houses.",Cyclone,Critical,"Mass evacuation"
"Trees are falling near the residential buildings.",Cyclone,Critical,"Emergency road clearance"
"The cyclone has damaged the local drainage system.",Cyclone,Medium,"Municipal drainage team"
"Coastal flooding has isolated several families.",Cyclone,Critical,"Boat rescue"
"The storm has damaged the main water pipeline.",Cyclone,High,"Water utility team"
"Strong winds are continuing after landfall.",Cyclone,High,"Emergency monitoring team"
"Several residents are stranded on upper floors.",Cyclone,Critical,"Rescue team"
"The cyclone has destroyed part of the sea wall.",Cyclone,Critical,"Coastal engineering team"
"Fallen trees have blocked the ambulance route.",Cyclone,Critical,"Emergency route clearance"
"The storm has damaged the railway station roof.",Cyclone,High,"Railway inspection team"
"Floodwater and seawater are mixing in the streets.",Cyclone,Critical,"Flood rescue team"
"The cyclone has damaged several homes near the beach.",Cyclone,High,"Damage assessment team"
"Residents need evacuation before another storm surge.",Cyclone,Critical,"Coastal evacuation team"
"The coastal power network is severely damaged.",Cyclone,High,"Electricity emergency team"
"Emergency crews cannot reach the flooded neighborhood.",Cyclone,Critical,"Emergency transport"
"The storm has left debris throughout the town.",Cyclone,Medium,"Municipal cleanup"
"Strong winds are still damaging roofs.",Cyclone,High,"Emergency repair team"
"The cyclone has disrupted food deliveries.",Cyclone,Medium,"Relief supplies"
"Several families require temporary shelter.",Cyclone,Medium,"Emergency shelter"
"The coastal highway has been closed due to waves.",Cyclone,High,"Road closure team"
"The storm has damaged the local fire station.",Cyclone,High,"Emergency facility assessment"
"Sea water has entered the basement of a building.",Cyclone,High,"Pumping equipment"
"People are trapped by floodwater after the storm.",Cyclone,Critical,"Rescue team"
"The cyclone has damaged multiple utility poles.",Cyclone,High,"Electricity repair team"
"Communication with the fishing boats has been lost.",Cyclone,Critical,"Marine rescue team"
"Wind damage has made several buildings unsafe.",Cyclone,Critical,"Building evacuation team"
"The storm has flooded the road near the port.",Cyclone,High,"Port emergency team"
"The cyclone is approaching the city with extreme winds.",Cyclone,Critical,"Mass evacuation"
"Water is collecting slowly near the roadside drain.",Flood,Low,"Municipal cleanup"
"Rainwater has started pooling in the parking area.",Flood,Low,"Municipal drainage team"
"The street drain is overflowing slightly.",Flood,Low,"Municipal cleanup"
"Small puddles are forming along the flooded street.",Flood,Low,"Municipal drainage team"
"Rainwater has entered the edge of our garden.",Flood,Low,"Municipal response"
"The school playground has minor waterlogging.",Flood,Low,"Municipal drainage team"
"Water is slowly collecting outside the shop.",Flood,Low,"Municipal cleanup"
"The drain near our house is blocked with leaves.",Flood,Low,"Municipal drainage team"
"Light flooding is visible around the roadside.",Flood,Low,"Municipal cleanup"
"Some rainwater has collected near the building entrance.",Flood,Low,"Municipal response"
"The basement floor has a small amount of rainwater.",Flood,Medium,"Pumping equipment"
"Water has entered part of the ground-floor parking area.",Flood,Medium,"Water pumping team"
"Several drains are overflowing after hours of rain.",Flood,Medium,"Municipal drainage team"
"Rainwater has covered part of the market road.",Flood,Medium,"Municipal response"
"The lower section of our street is flooded.",Flood,Medium,"Municipal drainage team"
"Water is pooling around several houses.",Flood,Medium,"Pumping equipment"
"The local road has moderate flooding after the storm.",Flood,Medium,"Road clearance team"
"Rainwater has entered the community hall.",Flood,Medium,"Cleanup team"
"Several shops have water inside their entrances.",Flood,Medium,"Relief supplies"
"The neighborhood has moderate waterlogging.",Flood,Medium,"Municipal drainage team"
"Smoke is coming from a small electrical appliance.",Fire,Low,"Fire safety inspection"
"A small amount of smoke is coming from a trash bin.",Fire,Low,"Municipal fire team"
"There is a minor fire in an outdoor waste container.",Fire,Low,"Municipal fire team"
"A small flame was noticed near some dry leaves.",Fire,Low,"Fire control team"
"The kitchen appliance is producing a little smoke.",Fire,Low,"Fire safety inspection"
"A small electrical spark caused light smoke.",Fire,Low,"Electricity emergency team"
"Some paper has caught fire in an office bin.",Fire,Low,"Fire safety inspection"
"A small amount of smoke is coming from the garage.",Fire,Low,"Fire brigade"
"There is a small fire near the roadside.",Fire,Low,"Fire brigade"
"Smoke was noticed from a charging device.",Fire,Low,"Fire safety inspection"
"The restaurant kitchen has moderate smoke.",Fire,Medium,"Fire inspection team"
"Smoke is spreading through part of the kitchen.",Fire,Medium,"Fire suppression team"
"A small electrical fire has started in the office.",Fire,Medium,"Fire brigade"
"Part of the storage room has caught fire.",Fire,Medium,"Fire suppression team"
"Smoke is coming from the basement parking area.",Fire,Medium,"Fire brigade"
"A fire has started in a small roadside stall.",Fire,Medium,"Fire brigade"
"The garbage storage area has caught fire.",Fire,Medium,"Municipal fire team"
"An electrical socket is producing smoke and sparks.",Fire,Medium,"Electricity emergency team"
"Smoke is coming from a machine in the workshop.",Fire,Medium,"Industrial fire team"
"A small fire is burning near the market.",Fire,Medium,"Fire brigade"
"The building shook slightly during a tremor.",Earthquake,Low,"Safety inspection team"
"A few objects fell from shelves during the tremor.",Earthquake,Low,"Safety assessment team"
"There are minor cracks in one interior wall.",Earthquake,Low,"Building inspection team"
"We felt a short and mild tremor.",Earthquake,Low,"Emergency monitoring team"
"A few tiles fell during the shaking.",Earthquake,Low,"Building safety team"
"The tremor caused some furniture to move.",Earthquake,Low,"Safety assessment team"
"Some small cracks appeared after the shaking.",Earthquake,Low,"Building inspection team"
"The earthquake caused minor damage to a wall.",Earthquake,Low,"Building inspection team"
"Several items fell from shelves after a mild tremor.",Earthquake,Low,"Safety inspection team"
"The ground shook briefly and then stopped.",Earthquake,Low,"Emergency monitoring team"
"Several walls have visible cracks after the earthquake.",Earthquake,Medium,"Building inspection team"
"Some ceiling plaster has fallen after the tremor.",Earthquake,Medium,"Building safety team"
"The earthquake damaged part of the interior wall.",Earthquake,Medium,"Safety assessment team"
"Several windows have cracked after the shaking.",Earthquake,Medium,"Safety inspection team"
"The tremor damaged some furniture and equipment.",Earthquake,Medium,"Safety assessment team"
"A few roads have developed small cracks after the earthquake.",Earthquake,Medium,"Road inspection team"
"Water is leaking from a pipe after the tremor.",Earthquake,Medium,"Water utility team"
"Some electrical equipment was damaged during the shaking.",Earthquake,Medium,"Electricity inspection team"
"The school building has minor structural cracks.",Earthquake,Medium,"School inspection team"
"Several homes need inspection after the earthquake.",Earthquake,Medium,"Building inspection team"
"Small rocks are falling from the hillside.",Landslide,Low,"Geological monitoring"
"Some loose soil has moved onto the roadside.",Landslide,Low,"Road cleanup team"
"A few rocks are blocking part of the mountain path.",Landslide,Low,"Road clearance team"
"Minor soil movement was noticed near the hill.",Landslide,Low,"Geological assessment team"
"Small branches and rocks are scattered on the road.",Landslide,Low,"Cleanup team"
"There is a small amount of mud on the mountain road.",Landslide,Low,"Road cleanup team"
"Some loose stones have fallen near the highway.",Landslide,Low,"Road clearance team"
"Minor cracks are visible on the hillside.",Landslide,Low,"Geological monitoring"
"A small section of roadside soil has collapsed.",Landslide,Low,"Safety inspection team"
"Light rockfall has occurred near the mountain route.",Landslide,Low,"Geological assessment team"
"Moderate mud has covered part of the mountain road.",Landslide,Medium,"Road clearance team"
"Several rocks have fallen onto the roadside.",Landslide,Medium,"Road cleanup team"
"Rain has caused soil to slide onto the road.",Landslide,Medium,"Road clearance team"
"Part of the hillside is showing signs of movement.",Landslide,Medium,"Geological monitoring"
"Several trees and rocks are blocking one lane.",Landslide,Medium,"Cleanup team"
"Moderate debris is covering the road.",Landslide,Medium,"Heavy equipment team"
"Some mud has entered the edge of a house.",Landslide,Medium,"Safety inspection team"
"The retaining wall has developed several cracks.",Landslide,Medium,"Engineering inspection team"
"Small rockfalls are continuing near the highway.",Landslide,Medium,"Geological monitoring"
"Part of the mountain path is blocked by mud.",Landslide,Medium,"Road clearance team"
"Moderate soil has accumulated across the roadside after rainfall.",Landslide,Medium,"Road cleanup team"